,u_Teff_detrended [K],u_[Fe/H]_detrended [dex],u_R_detrended [Ro]
0,113.98029311670378,0.07993330514102645,0.20998465778466505
